0,0,-1,0,0,1,1,0,0,0,1,0,-1,-1,0,0,0,-1,-1,-1,-1,1,0,0,1,0,0,0,1,0,-1,1,1,0,1,0,0,0,-1,0,0,-1,-1,0,0,0,0,1,0,1,0,0,0,1,-1,-1,0,1,0,0,-1,1,1,0,0,-1,1,1,0,-1,1,-1,0,0,0,-1,1,-1,0,1,-1,0,1
0,-1,0,0,0,0,1,1,0,0,0,-2,-1,0,0,0,-1,-1,-1,-1,0,0,1,0,0,1,0,0,0,-2,0,0,1,1,0,1,0,-1,0,0,-1,-1,0,0,0,0,0,0,1,0,1,0,1,-1,x,-1,0,0,1,-1,0,0,1,1,-1,0,0,1,-2,1,-1,1,-1,0,-1,1,-1,1,-2,-1,1,-1,0
-1,0,0,0,0,0,0,1,1,-2,-1,-1,0,0,0,-1,-1,-1,-1,0,0,0,0,1,0,0,1,-2,0,0,0,0,0,1,1,0,-2,0,0,-1,-1,0,0,0,0,0,0,0,0,1,0,1,-1,1,-1,0,0,1,-1,1,-1,0,1,x,1,-3,-2,1,1,-1,1,-1,1,-1,1,x,x,x,x,x,-1,1,-1
0,0,0,0,0,0,1,-2,x,x,x,-1,0,0,-1,-1,-1,-1,0,0,0,0,0,0,1,-2,0,1,0,0,0,0,0,0,x,1,0,-2,-1,-1,0,0,0,0,0,0,0,0,0,0,1,-1,1,-1,1,-1,1,-1,1,-1,1,-2,-3,2,-2,1,-3,x,x,1,-1,1,-1,1,-1,1,0,0,0,-1,1,-1,1
0,0,0,0,1,-2,0,1,0,0,-1,0,0,-1,-1,-1,-1,0,0,0,0,0,1,-2,0,1,0,0,1,0,0,0,0,0,0,-2,-2,-1,x,0,0,0,0,0,0,0,0,0,0,1,-1,1,-1,1,-1,1,-1,1,x,x,x,x,x,-3,x,2,1,0,-3,-1,1,-1,1,-1,1,-1,1,0,-1,1,-1,1,-1
0,0,1,-2,0,1,0,0,1,-1,0,0,-1,-1,-1,-1,0,0,0,0,1,-2,0,1,0,0,1,0,0,1,0,0,0,-2,-2,-1,-1,0,0,0,0,0,0,0,0,0,0,0,1,-1,1,-1,1,-1,1,-1,1,-1,1,0,-3,0,0,0,0,-3,-1,-2,-1,x,x,1,-1,1,-1,1,-1,-2,1,-1,1,-1,1
1,-2,0,1,0,0,1,1,-1,1,-1,-1,-1,-1,-1,0,0,0,1,-2,0,1,0,0,1,0,0,1,0,0,1,-2,-2,-1,-1,-1,0,0,0,0,0,0,0,0,0,0,0,1,-1,1,-1,1,-1,1,-1,1,-1,x,-1,-2,0,0,-3,-1,-2,x,-1,-1,0,0,1,-1,1,-1,x,x,1,x,x,1,-1,1,-1
0,1,0,0,1,0,1,x,1,-1,x,-1,-1,-1,0,0,1,-2,0,1,0,0,1,0,0,1,0,0,1,-2,-2,x,-1,x,-1,0,0,0,0,0,0,0,0,0,0,0,1,-1,1,-1,1,-1,1,-1,1,-1,1,2,0,-3,3,-2,x,0,0,-1,-1,0,0,1,-1,1,-1,1,-1,0,0,1,1,-1,1,-1,1
0,0,1,0,0,1,0,1,-1,1,-1,-1,-1,0,1,-2,0,1,0,0,1,0,0,1,0,0,1,-2,-2,1,0,2,0,-1,0,0,0,0,0,0,0,0,0,0,0,1,-1,1,-1,1,-1,1,-1,1,x,1,x,1,-2,x,-3,0,-3,3,-1,-1,0,0,1,-1,1,-1,1,-1,1,-1,0,1,x,1,-1,1,-1
0,0,0,1,0,0,1,-1,1,-1,x,-1,1,-2,0,1,0,0,1,0,0,1,0,0,1,-2,-2,1,0,-2,2,0,-1,2,0,0,0,0,0,0,0,0,0,0,1,-1,1,-1,1,-1,1,-1,1,-1,1,1,2,-3,1,-3,0,-3,0,-1,-1,0,3,-3,-1,1,-1,1,-1,1,-1,1,-1,0,1,-1,1,-1,1
0,0,0,0,1,1,-1,1,-1,1,2,-2,-2,1,-2,0,1,0,0,1,0,0,1,-2,-2,1,0,-2,-2,2,-2,-2,2,0,0,2,0,0,0,0,0,0,0,1,-1,1,-1,1,-1,1,-1,1,x,x,x,x,x,x,x,1,0,-3,2,x,-3,-2,-3,x,1,x,x,-1,1,-1,1,-1,1,-2,-1,1,-1,1,-1
0,0,0,0,1,x,1,x,x,x,x,x,x,0,x,0,0,1,0,0,1,-2,-2,1,0,-2,-2,2,-2,-2,0,2,0,-2,2,0,0,2,0,0,0,0,1,-1,1,-1,1,-1,1,-1,1,-1,1,0,0,0,0,0,-3,2,1,-3,0,-2,2,0,0,0,0,1,-1,1,-1,1,x,x,x,x,x,-1,1,-1,1
0,0,0,0,0,1,0,1,0,0,0,0,0,0,0,0,0,0,1,-2,-2,1,0,-2,-2,2,-2,-2,0,2,0,-2,0,2,0,-2,2,0,0,2,0,1,-1,1,-1,1,-1,1,-1,1,-1,1,-1,1,0,-3,2,1,-3,0,-2,x,0,0,-2,-2,2,0,1,-1,1,-1,1,-1,1,0,0,0,-1,1,-1,1,-1
0,0,0,0,0,0,1,0,1,0,0,0,0,0,0,0,1,-2,-2,1,0,-2,-2,2,-2,-2,0,2,0,-2,0,2,0,-2,0,2,0,-2,2,0,2,x,1,-1,1,-1,1,-1,1,-1,1,-1,x,x,-2,-3,0,x,x,0,0,-2,-2,-2,0,0,0,2,x,1,-1,1,-1,1,-1,1,0,-1,1,-1,1,-1,1
0,0,0,0,0,0,0,1,0,1,0,0,0,0,1,-2,-2,1,0,-2,-2,2,-2,-2,0,2,0,-2,0,2,0,-2,0,2,0,-2,0,2,0,-2,2,2,x,1,-1,1,-1,1,-1,1,-1,1,3,0,0,0,0,0,0,-2,-2,-2,0,0,0,0,0,0,2,x,1,-1,1,-1,1,-1,-2,1,-1,1,-1,1,-1
0,0,0,0,0,0,0,0,1,0,1,0,1,-2,-2,1,0,-2,-2,2,-2,-2,0,2,0,-2,0,2,0,-2,0,2,0,-2,0,2,0,-2,0,2,0,-2,2,x,1,-1,1,-1,1,-1,1,-1,1,0,1,3,0,-2,-2,-2,0,0,0,0,0,0,0,0,0,2,x,1,-1,x,x,1,x,x,1,-1,1,-1,1
0,0,0,0,0,0,0,0,0,1,1,2,-2,1,0,-2,-2,2,-2,-2,0,2,0,-2,0,2,0,-2,0,2,0,-2,0,2,0,-2,0,2,0,-2,0,2,0,2,x,1,-1,1,-1,1,-1,1,x,2,0,x,-2,x,3,0,-2,0,0,0,0,0,0,0,0,0,2,x,1,-1,0,0,1,1,-1,1,-1,1,-1
0,0,0,0,0,0,0,0,1,2,x,1,x,x,-2,2,-2,-2,0,2,0,-2,0,2,0,-2,0,2,0,-2,0,2,0,-2,0,2,0,-2,0,2,0,-2,0,2,2,x,1,-1,1,-1,1,-1,1,0,-2,2,0,0,-2,0,0,3,0,-2,0,0,0,0,0,0,0,2,x,1,-1,0,1,x,1,-1,1,-1,1
0,0,0,0,0,0,0,0,0,1,2,2,-3,2,-2,-2,0,2,0,-2,0,2,0,-2,0,2,0,-2,0,2,0,-2,0,2,0,-2,0,2,0,-2,0,2,0,-2,0,2,x,1,-1,1,-1,1,x,1,0,-2,-2,2,0,0,0,-2,0,0,3,0,-2,0,0,0,0,0,2,x,1,-1,0,1,-1,1,-1,1,-1
0,0,0,0,0,0,0,2,0,-3,x,x,x,x,-3,2,-2,-2,0,2,0,-2,0,2,0,-2,0,2,0,-2,0,2,0,-2,0,2,0,-2,0,2,0,-2,0,2,0,-2,2,x,1,-1,1,-1,1,-2,-2,0,-2,0,0,-4,0,0,0,0,-2,0,0,3,0,-2,0,0,0,2,x,1,-2,-1,1,-1,1,-1,1
0,0,0,0,2,0,-3,0,0,2,0,-3,0,5,-2,-2,0,2,0,-2,0,2,0,-2,0,2,0,-2,0,2,0,-2,0,2,0,-2,0,2,0,-2,0,2,0,-2,0,2,0,2,x,1,x,x,x,1,-2,2,0,0,0,0,0,0,-2,0,0,0,0,-2,0,0,3,0,-2,1,2,x,x,1,-1,1,-1,1,-1
0,2,0,-3,0,0,2,0,-3,0,0,2,-2,-2,0,2,0,-2,5,2,-2,-2,0,2,0,-2,0,2,0,-2,0,2,0,-2,0,2,0,-2,0,2,0,-2,0,2,0,-2,0,2,2,2,1,1,-2,0,1,0,0,2,0,0,-2,0,0,0,0,-2,0,0,0,0,-2,3,0,3,1,3,3,-1,1,-1,1,-1,1
-3,0,0,2,0,-3,0,0,2,2,-2,-2,0,2,0,-2,5,2,-2,-2,5,2,0,x,0,x,0,-2,0,2,0,-2,0,2,0,-2,0,2,0,-2,0,2,0,-2,0,2,0,-2,0,x,x,x,1,-2,0,1,0,0,-2,2,0,0,0,-2,0,0,0,0,-2,0,0,0,3,1,3,x,x,1,x,x,-1,1,-1
2,0,-3,0,0,2,2,2,-2,-2,2,2,-2,-2,5,2,-2,-2,5,2,0,x,0,-6,0,-6,0,2,0,-2,0,2,0,-2,0,2,0,-2,0,2,0,-2,0,2,0,-2,0,2,0,-2,1,-2,0,1,0,0,-3,0,0,0,0,-4,0,0,0,0,-2,0,0,0,0,0,0,0,1,3,1,3,1,-1,1,-1,1
0,0,2,0,2,2,-2,x,2,2,-2,-2,x,2,-2,-2,5,x,0,x,0,-4,0,5,0,2,0,x,0,2,0,-2,0,2,0,-2,0,2,0,-2,0,2,0,-2,0,2,0,-2,1,x,0,x,0,-3,1,0,0,5,0,0,0,0,0,0,-2,0,0,0,0,0,0,0,0,0,0,1,3,1,x,1,x,1,-1
0,0,2,0,x,0,2,2,-2,-2,2,2,-2,-2,0,2,0,-5,0,0,0,5,0,0,0,0,0,2,5,-2,0,2,0,-2,0,2,0,-2,0,2,0,-2,0,2,0,-2,0,2,0,-5,-3,0,0,0,0,1,0,0,0,0,0,0,-7,0,0,0,0,0,0,0,0,0,0,0,0,0,1,3,1,3,1,-1,1
0,0,0,0,2,2,-2,-2,2,2,x,-2,x,2,-2,x,0,2,0,-5,0,0,0,0,0,2,5,-2,0,2,0,-2,0,x,0,-2,0,2,0,-2,0,2,2,-2,-5,2,0,x,0,2,0,0,-3,0,0,-7,1,0,0,0,0,0,0,-7,0,0,0,0,0,0,0,0,0,0,0,0,0,1,3,1,x,1,x
0,0,2,2,-2,-2,2,2,-2,-2,2,2,-2,-2,-5,2,0,-5,0,2,0,-5,0,2,5,-2,0,2,0,-2,0,x,0,-2,0,2,0,x,0,x,0,-2,-5,2,2,-2,-5,2,-7,-3,0,2,0,0,-3,0,-7,1,0,0,0,0,0,0,-7,0,0,0,0,0,0,0,0,0,0,0,0,0,1,3,1,3,1
2,2,-2,-2,2,2,-2,-2,2,x,x,-2,x,2,x,x,-5,2,2,-5,0,2,5,-2,0,2,0,-2,0,x,0,-2,0,0,0,0,0,-6,0,-6,0,x,0,x,x,2,x,x,-5,x,-7,-3,0,-3,0,0,-3,-7,1,0,0,0,0,0,0,-7,0,0,0,0,0,0,0,0,0,0,0,0,0,1,3,1,3
-2,-2,2,2,-2,-2,2,2,-2,-2,2,-5,2,0,-5,2,2,0,0,2,-2,-2,0,2,0,-2,0,x,0,-2,0,-6,0,-6,0,-6,0,0,0,0,0,0,0,-6,0,0,-3,2,-3,0,x,0,0,-3,0,0,0,0,-7,1,0,0,0,0,0,0,-7,0,0,0,0,0,0,0,0,0,0,0,0,0,1,0,1
2,2,-2,-2,x,2,x,x,2,x,-2,-2,x,-5,2,0,-5,2,3,-2,0,2,0,-2,0,x,0,4,0,-6,0,0,0,-6,0,0,0,-6,0,0,-3,0,0,-3,0,-3,0,0,0,2,-3,-7,0,0,0,0,0,0,0,-7,1,0,0,0,0,0,0,-7,0,0,0,0,0,0,0,0,0,0,0,0,0,1,0
-2,-2,2,2,-2,-2,2,2,x,-2,2,-5,-2,0,-5,-2,2,-2,-5,x,3,x,0,x,0,-2,0,-6,0,0,0,4,0,-6,-3,0,0,x,0,0,-3,0,3,0,-7,0,0,-3,0,0,0,2,-7,0,0,0,0,0,0,0,-7,1,0,0,0,0,0,0,-7,0,0,0,0,0,0,0,0,0,0,0,0,0,1
2,2,-2,-2,x,2,x,-2,2,x,-2,x,x,2,-2,-2,0,0,2,0,0,-6,0,-5,0,0,0,-6,0,0,0,-3,0,0,0,4,0,6,-3,0,-3,0,0,0,-3,3,0,0,0,0,0,0,0,8,0,0,0,0,0,0,0,-7,1,0,0,0,0,0,0,-7,0,0,0,0,0,0,0,0,0,0,0,0,0
-2,-2,2,2,-2,-2,2,2,-2,-2,2,2,-2,-2,0,x,0,-2,-5,-6,2,-6,0,0,0,-5,0,0,-3,0,0,0,0,0,0,-3,0,-3,0,4,0,-3,-3,6,0,0,8,0,3,0,0,0,0,0,-7,0,0,0,0,0,0,8,-7,1,0,0,0,0,0,0,-7,0,0,0,0,0,0,0,0,0,0,0,0
2,2,-2,-2,2,2,-2,-2,2,2,-2,-2,2,x,-2,4,-5,-6,0,0,-5,0,2,-3,0,-3,0,-5,0,0,0,0,-3,0,-3,0,0,0,-3,x,0,0,0,4,0,4,-3,-7,0,6,-6,3,0,0,8,-7,0,0,0,0,0,0,0,-7,1,0,0,0,0,8,0,-7,0,0,0,0,0,0,0,0,0,0,0
-2,-2,2,2,-2,-2,2,2,-2,-2,2,x,-2,-2,x,x,-2,0,-3,4,-3,-6,x,0,2,0,0,-3,0,5,0,-3,0,0,0,-3,4,0,0,0,-5,0,6,-3,-6,0,0,4,-2,4,-3,4,0,0,3,6,-7,0,0,3,0,0,8,0,-7,1,0,0,0,0,0,0,-7,0,0,0,0,8,0,0,0,0,0
2,2,-2,-2,2,2,-2,-2,2,2,-2,-2,2,0,-2,3,0,-3,0,0,0,0,0,4,-3,0,2,0,-3,-3,0,4,-3,4,5,-5,0,-4,-4,0,x,0,0,0,0,0,-2,-3,6,-7,0,4,0,3,-3,4,0,-3,0,0,-7,6,3,0,0,-7,1,3,0,0,8,0,0,-7,0,0,0,0,0,0,0,0,0
-2,-2,2,2,-2,-2,2,2,-2,-2,2,2,-2,-2,x,-3,-2,0,3,0,-3,-3,0,2,0,-3,x,4,2,x,-2,-3,0,x,-4,4,0,4,0,5,0,-4,-7,-4,8,6,0,0,0,0,0,-3,0,-7,x,x,3,0,3,4,0,0,0,-3,6,3,x,x,0,1,3,0,0,0,-7,3,0,0,8,0,0,0,0
2,2,-2,-2,2,2,-2,-2,2,2,-2,-2,x,x,-2,x,0,-3,-3,0,2,3,-3,0,-2,2,2,0,x,0,x,4,3,3,0,-7,0,-4,6,x,4,4,6,0,5,-4,-7,-6,-6,0,0,6,8,0,0,0,4,0,0,3,-4,3,4,4,0,0,0,4,3,0,x,0,1,3,0,0,0,0,3,0,0,0,0
-2,-2,2,2,-2,-2,2,2,-2,-2,2,2,-2,-2,-3,-3,0,2,0,-2,0,-2,x,0,x,3,0,5,5,4,0,0,0,-4,3,x,2,4,0,-7,-4,x,-6,6,x,x,8,0,x,-3,0,-6,4,-6,-6,0,-4,6,0,0,x,0,3,3,4,0,4,4,0,0,0,4,0,1,0,1,3,0,0,0,0,3,0
2,2,-2,-2,2,2,-2,-2,2,x,-2,x,x,x,x,x,-3,-2,0,x,0,-2,0,0,5,4,0,0,3,-4,3,0,-4,x,-4,0,x,x,-2,6,x,4,x,-4,-6,3,x,-6,-3,6,0,0,-4,0,8,-3,4,-3,0,0,5,0,0,6,0,3,3,3,4,0,4,4,4,0,1,4,1,0,1,3,0,0,0
-2,-2,2,2,-2,-2,2,2,-2,-2,2,0,-2,-3,0,-2,0,0,0,-2,5,4,0,4,0,-4,0,0,-4,x,-4,3,0,2,0,4,-2,-4,-6,-4,0,-6,-2,0,4,x,6,0,x,-4,0,-3,-3,0,-3,6,0,0,-4,0,x,4,3,5,0,x,5,0,3,2,3,x,4,4,4,x,4,1,x,x,0,1,3
2,2,-2,-2,2,2,-2,-2,2,2,x,-2,x,-2,-2,-3,5,4,0,0,0,-4,0,0,-4,x,-4,4,0,2,0,4,-6,-4,2,x,0,2,4,x,-2,0,0,-2,0,2,0,0,-3,-3,0,-3,6,0,-4,-4,0,0,0,6,0,6,0,0,-4,3,5,0,5,0,0,2,0,3,x,0,4,4,4,0,4,0,1
-2,-2,2,2,-2,-2,2,2,-2,-2,2,x,2,x,4,4,0,-4,0,0,-4,x,-4,0,0,2,-6,0,-6,-4,0,x,0,2,0,3,2,0,-2,2,0,-2,4,0,-2,-3,-3,2,-3,0,2,-4,-4,0,0,0,0,0,6,0,-4,-4,6,0,0,6,0,6,x,0,3,5,0,x,2,0,3,3,0,4,4,4,4
2,2,-2,-2,2,2,-2,-2,2,2,-2,-2,2,-4,2,0,-2,0,3,4,-6,0,-6,0,-6,-4,0,2,0,0,0,-4,0,3,2,2,x,-2,x,x,-2,x,x,-2,4,-3,x,x,x,-2,0,0,2,-4,0,0,-4,-4,0,0,0,0,0,0,6,0,0,0,6,0,6,6,0,3,5,0,x,2,0,3,3,3,0
-2,-2,2,2,-2,-2,2,x,-2,x,x,2,x,-2,x,-4,x,0,x,-2,x,2,-6,4,0,0,-6,x,0,2,0,0,0,x,-4,-2,-2,2,3,-2,0,-2,-3,0,0,0,0,-2,4,-4,0,-4,-4,-4,2,0,0,0,-4,0,0,0,0,0,0,0,0,0,0,0,6,6,0,6,6,0,3,x,0,x,2,0,3
2,2,-2,-2,2,2,-2,-2,2,-3,-2,x,0,2,0,-2,-6,4,0,0,-6,0,0,2,0,2,0,4,0,0,-4,2,-2,-2,-2,2,3,-2,0,x,-3,x,0,0,4,5,0,-4,-4,-4,0,0,4,0,-4,0,-4,0,0,0,-4,0,0,0,0,0,0,0,0,0,0,0,0,6,0,0,6,6,0,4,6,0,2
-2,-2,2,2,-2,-2,x,x,-2,-2,x,2,-2,-2,-6,2,0,-2,0,-2,0,4,0,0,0,2,-4,2,-2,-3,-2,x,-2,2,0,-2,0,x,-3,3,4,4,0,-4,-4,-4,0,0,4,0,-3,0,-4,0,-4,0,x,0,0,0,-4,0,0,0,0,0,0,0,0,0,0,0,0,0,0,0,0,6,6,6,0,0,6
2,2,-2,-2,2,2,-2,-2,-6,2,-2,-2,-6,2,0,-2,0,x,0,-2,0,0,-4,4,4,x,x,2,-2,2,-2,2,0,-2,0,x,3,3,0,-4,-4,-4,3,0,4,4,-4,-3,-4,-4,-4,-4,4,0,0,0,-4,0,0,0,0,0,0,0,0,0,0,0,0,0,0,0,0,0,0,0,0,0,0,0,0,0,0
-2,-2,x,2,-2,-2,x,2,-2,-2,-6,2,-2,-2,0,2,0,-2,-4,0,4,0,4,0,0,4,-2,4,x,2,0,x,3,x,0,-3,-4,-4,3,3,x,4,-4,2,x,x,x,-4,x,x,0,-3,-4,-4,0,0,4,0,0,0,-4,0,0,0,0,0,0,0,0,0,0,0,0,0,0,0,0,0,0,0,0,0,0
0,2,-2,-2,-6,2,-2,-2,-6,2,-2,-2,0,2,-4,-2,0,2,0,-2,4,0,0,0,3,0,4,4,0,x,0,3,x,-4,3,3,3,0,x,-4,0,3,3,-4,0,-4,0,0,4,-4,0,0,4,0,0,0,-4,0,0,0,4,0,0,0,-4,0,0,0,0,0,0,0,0,0,0,0,0,0,0,0,0,0,0
-2,-2,-6,2,-2,-2,-6,2,-2,-2,-4,2,-4,-2,0,2,0,-2,0,2,0,-2,0,4,4,0,0,3,3,-4,4,4,3,0,3,-4,0,3,3,x,0,-4,-4,0,3,x,0,0,x,-4,0,0,x,0,0,0,4,0,0,0,-4,0,0,0,4,0,0,0,-4,0,0,0,0,0,0,0,0,0,0,0,0,0,0
-6,2,-2,-2,x,2,x,-2,-4,2,-4,-2,0,2,0,-2,0,2,0,-2,0,2,0,-2,0,3,4,4,x,0,3,x,3,4,x,x,0,x,-4,-4,3,3,0,0,-4,-4,0,3,0,0,0,0,4,0,0,0,-4,0,0,0,4,0,0,0,-4,0,0,0,4,0,0,0,-4,0,0,0,0,0,0,0,0,0,0
-2,-2,0,2,-4,-2,-4,2,0,-2,0,2,0,-2,0,2,0,-2,0,2,0,-2,0,2,0,-2,-2,-2,3,4,4,4,0,3,-5,-5,0,-5,0,0,-4,-4,0,3,3,0,0,-4,5,0,3,0,-4,0,0,0,4,0,0,0,-4,0,0,0,4,0,0,0,-4,0,0,0,4,0,0,0,-4,0,0,0,0,0,0
-4,2,-4,-2,0,2,0,-2,0,2,0,-2,0,2,0,-2,0,2,0,-2,0,2,0,-2,-2,x,4,-2,4,x,-5,3,2,4,4,4,2,-4,-5,-5,3,0,0,-4,0,0,3,3,-4,0,-4,0,4,-4,0,0,-4,-4,0,0,4,0,0,0,-4,0,0,0,4,0,0,0,-4,0,0,0,4,0,0,0,-4,0,0
0,-2,0,2,0,-2,0,2,0,-2,0,2,0,-2,0,2,0,-2,0,2,0,x,-2,x,0,-2,4,0,4,4,4,2,4,x,x,x,x,4,x,x,0,-4,-3,x,-4,0,-4,0,4,2,3,0,-4,-4,0,0,4,0,0,0,-4,0,0,0,4,0,0,0,-4,0,0,0,4,0,0,0,-4,0,0,0,4,0,0
0,2,0,-2,0,2,0,-2,0,2,0,-2,0,2,0,-2,0,2,0,-2,-2,2,0,-2,0,0,0,0,0,0,4,0,4,5,4,0,4,-4,0,-3,-4,4,-4,-4,4,-4,3,0,-4,-4,0,2,4,3,0,-4,-4,0,0,0,4,0,0,0,-4,0,0,0,4,0,0,0,-4,0,0,0,4,0,0,0,-4,0,0
0,-2,0,2,0,-2,0,2,0,-2,0,2,0,-2,0,2,0,-2,-2,2,0,-2,0,2,0,-2,0,0,0,0,0,0,4,-4,4,-3,x,4,2,-4,x,-4,x,-3,-4,x,0,0,4,x,0,-4,-4,2,2,0,x,-4,0,0,-4,0,0,0,4,0,0,0,-4,0,0,0,4,0,0,0,-4,0,0,0,4,0,0
0,2,0,-2,0,2,0,-2,0,2,0,-2,0,2,0,-2,-2,2,0,-2,0,2,0,-2,0,2,0,-2,0,-4,0,-3,-3,4,0,-4,-2,-4,4,-3,2,4,0,0,4,-4,0,-4,-4,0,0,0,4,-4,0,2,-3,0,0,-4,4,0,0,0,-4,0,0,0,4,0,0,0,-4,0,0,0,4,0,0,0,-4,0,0
0,-2,0,2,0,-2,0,2,0,-2,0,2,0,-2,-2,2,0,-2,0,2,0,-2,0,x,0,x,-4,2,-3,x,0,-4,-4,-4,-2,-3,-3,x,0,0,4,-4,3,-4,-4,4,4,0,4,-4,0,0,x,-3,0,-4,4,3,0,0,x,-4,0,0,4,0,0,0,-4,0,0,0,4,0,0,0,-4,0,0,0,4,0,0
0,2,0,-2,0,2,0,-2,0,2,0,-2,-2,2,0,-2,0,2,0,-2,0,2,-4,-2,0,-3,0,-4,-4,3,-2,-3,x,x,0,0,4,-4,0,-4,-4,4,0,0,4,x,x,0,-4,4,4,-4,4,-4,0,0,0,-4,0,0,-4,0,0,0,-4,-4,0,0,4,0,0,0,-4,0,0,0,4,0,0,0,-4,0,0
0,-2,0,2,0,-2,0,2,0,-2,-2,2,0,-2,0,2,0,-2,-4,2,-2,x,-3,x,-4,x,-2,-3,x,0,0,0,-5,-4,0,-4,-4,0,0,0,4,0,0,0,-4,4,0,-4,4,-4,0,0,-4,x,4,0,4,-4,0,0,-4,-4,0,0,4,0,0,0,-4,0,0,0,4,0,0,0,-4,0,0,0,4,0,0
0,2,0,-2,0,2,0,-2,-2,2,0,-2,0,2,-4,-2,-2,2,x,x,-4,2,x,2,x,0,0,-5,0,5,0,-4,-4,0,0,0,4,0,0,0,-4,4,0,-4,4,-4,0,0,-4,4,0,0,4,-4,0,0,-4,-4,4,0,4,0,0,0,-4,0,0,0,4,0,0,0,-4,0,0,0,4,0,0,0,-4,0,0
0,-2,0,2,0,-2,-2,2,0,-2,-4,2,-2,-2,-2,2,-4,-2,-4,2,0,0,-5,2,0,2,-4,-4,-4,0,0,0,4,0,5,0,-4,4,0,-4,4,-4,0,0,-4,4,0,0,4,-4,0,0,-4,x,0,0,4,-4,0,0,-4,0,4,0,4,0,0,0,-4,0,0,0,4,0,0,0,-4,0,0,0,4,0,0
0,2,0,-2,-2,2,-4,-2,-2,2,-2,-2,x,2,-4,-2,-4,x,0,-2,-5,-3,-4,-4,-4,2,0,2,4,-4,5,0,-4,4,0,-4,4,-4,0,5,-4,4,0,0,4,-4,0,0,-4,4,0,0,4,-4,0,0,-4,0,0,0,4,0,0,0,-4,0,4,0,4,0,0,0,-4,0,0,0,4,0,0,0,-4,0,0
0,-2,-2,2,-2,-2,-2,2,-2,-2,-4,2,-4,-2,0,x,0,-2,3,-4,-4,-4,-4,2,4,-4,5,2,-4,x,0,-4,4,-4,0,5,-4,4,0,0,4,-4,0,5,x,4,0,0,4,-4,0,0,-4,4,0,0,4,-4,0,0,-4,0,0,0,4,0,0,0,-4,0,4,0,4,0,0,0,-4,0,0,0,4,0,0
-2,2,-2,-2,-2,2,x,-2,-4,2,-4,-2,0,2,3,4,-4,-4,-4,x,4,x,5,0,-4,x,0,-4,4,3,0,5,-4,x,0,0,4,-4,0,5,x,4,0,0,4,-4,0,5,x,4,0,0,4,-4,0,0,-4,4,0,0,4,-4,0,0,-4,0,0,0,4,0,0,0,-4,0,4,0,4,0,0,0,-4,0,0
-2,-2,-2,2,-4,-2,-4,2,0,x,3,2,-4,x,-4,2,4,x,5,-2,-4,-4,0,-4,4,3,0,5,-4,0,0,0,x,-4,0,5,x,4,0,0,4,-4,0,5,5,4,0,0,4,-4,0,5,x,4,0,0,4,-4,0,0,-4,4,0,0,4,-4,0,0,-4,0,0,0,4,0,0,0,-4,0,4,0,4,0,0
x,2,-4,-2,-4,2,0,-2,-4,2,-4,0,4,2,5,0,-4,2,0,-4,4,x,0,5,-4,0,0,0,x,-4,0,0,5,4,0,0,0,-4,0,5,5,4,0,0,4,x,0,5,5,x,0,0,4,-4,0,5,x,4,0,0,4,-4,0,0,-4,4,0,0,4,-4,0,0,-4,0,0,0,4,0,0,0,-4,0,4
-4,-2,0,2,-4,-2,-4,2,4,-2,5,2,-4,2,0,-2,4,0,0,x,-4,0,0,0,4,-4,0,0,5,4,0,0,0,-4,0,0,0,x,0,0,0,-4,0,5,5,3,0,0,4,4,0,5,5,x,0,0,4,-4,0,5,x,4,0,0,4,-4,0,0,-4,4,0,0,4,-4,0,0,-4,0,0,0,4,0,0
-4,2,-4,-2,4,2,0,-2,x,2,0,x,4,x,5,x,-4,-2,0,0,4,-4,0,0,x,4,0,0,4,x,0,0,5,x,0,0,0,-4,0,0,0,0,0,0,0,0,0,5,x,x,0,0,4,4,0,5,5,x,0,0,4,-4,0,5,x,4,0,0,4,-4,0,0,-4,4,0,0,4,-4,0,0,-4,0,0
0,-2,0,2,0,-2,0,2,4,-2,0,2,-4,0,0,-2,4,-4,0,-3,-4,0,0,0,4,0,0,0,5,4,0,0,4,-5,0,0,5,5,0,0,0,0,0,0,0,0,0,0,0,0,0,5,5,0,0,0,4,4,0,5,5,x,0,0,4,-4,0,5,x,4,0,0,4,-4,0,0,-4,4,0,0,4,-4,0
0,2,0,-2,4,2,0,-2,-4,2,0,-2,4,3,0,0,x,0,0,0,4,0,0,-4,x,0,0,0,x,4,0,0,0,x,0,0,4,4,-5,0,0,5,5,0,0,0,0,0,0,0,0,0,0,0,0,5,5,5,0,0,4,4,0,5,5,x,0,0,4,-4,0,5,x,4,0,0,4,-4,0,0,-4,4,0
4,-2,0,2,-4,-2,0,2,4,-2,0,2,-4,-2,-2,0,7,0,0,-4,0,0,0,0,4,0,0,0,0,0,0,0,0,7,0,0,0,0,0,0,4,4,4,0,0,0,5,5,0,0,0,0,0,0,0,0,0,0,0,5,5,5,5,0,4,4,0,5,5,x,0,0,4,-4,0,5,x,4,0,0,4,-4,0
-4,2,0,-2,4,2,0,-2,-4,2,-2,-2,x,2,0,-2,-4,0,0,-4,0,0,0,7,0,0,0,0,4,0,0,0,0,0,0,0,0,7,0,0,7,0,0,0,4,4,4,4,0,0,0,5,5,0,0,0,0,0,0,0,0,0,0,5,5,5,5,5,4,4,0,5,5,x,0,0,4,-4,0,5,5,4,0
4,-2,0,2,-4,-2,-2,2,x,-2,0,2,-4,-2,0,x,0,3,0,0,0,0,0,0,0,0,0,0,0,0,7,0,4,0,0,0,0,0,0,0,0,7,0,0,7,0,0,7,4,4,4,4,4,0,0,0,5,5,0,0,0,0,0,0,0,0,0,5,5,5,5,5,x,4,0,5,5,5,0,0,4,4,0
-4,2,-2,-2,x,2,0,-2,-4,2,0,-2,0,2,0,-2,0,0,0,0,3,0,0,0,0,0,0,0,0,0,0,0,0,0,0,0,4,7,0,0,0,0,0,0,0,7,0,0,7,0,0,7,4,4,4,4,4,4,0,0,0,5,5,0,0,0,0,0,0,0,0,0,5,5,5,5,5,4,4,5,5,5,5
-2,-2,0,2,-4,-2,0,2,0,-2,0,2,0,-2,0,2,0,-2,0,0,0,0,0,3,0,0,0,0,0,0,0,0,0,0,0,0,0,0,0,0,4,0,0,0,7,0,0,0,0,7,0,0,7,0,0,7,4,4,4,4,4,4,4,0,0,0,5,5,0,0,0,0,0,0,0,0,5,5,5,5,5,x,4
-4,2,-4,-2,0,2,0,-2,0,2,0,-2,0,2,0,-2,0,2,0,-2,0,0,0,0,0,0,3,0,0,0,0,0,0,0,0,0,0,0,0,0,0,0,0,0,4,0,0,4,0,0,0,7,0,7,0,0,7,0,0,7,4,4,x,4,4,4,4,4,0,0,0,5,5,0,0,0,0,0,0,0,0,5,5
0,-2,0,2,0,-2,0,2,0,-2,0,2,0,-2,0,2,0,-2,0,2,0,-2,0,0,0,0,0,0,0,3,0,0,0,0,0,0,0,0,0,0,0,0,0,0,0,0,0,0,4,0,0,4,0,0,4,0,0,7,7,0,7,0,0,7,4,4,7,4,4,4,4,4,4,0,0,0,5,5,0,0,0,0,0
0,2,0,-2,0,2,0,-2,0,2,0,-2,0,2,0,-2,0,2,0,-2,0,2,0,-2,0,0,0,0,0,0,0,0,3,0,0,0,0,0,0,0,0,0,0,0,0,0,0,0,0,0,0,0,4,0,0,4,0,0,4,0,0,3,7,0,7,7,0,7,4,4,7,4,4,4,4,4,4,4,0,0,0,5,5
0,-2,0,2,0,-2,0,2,0,-2,0,2,0,-2,0,2,0,-2,0,2,0,-2,0,2,0,-2,0,0,0,0,0,0,0,0,0,3,0,0,0,0,0,0,0,0,0,0,0,0,0,0,0,0,0,0,0,0,4,0,0,4,0,0,4,0,3,x,7,0,x,7,0,7,x,4,7,4,4,x,4,4,4,4,4
0,2,0,-2,0,2,0,-2,0,2,0,-2,0,2,0,-2,0,2,0,-2,0,2,0,-2,0,2,0,-2,0,0,0,0,0,0,0,0,0,0,3,0,0,0,0,0,0,0,0,0,0,0,0,0,0,0,0,0,0,0,0,0,4,0,0,4,0,0,4,3,0,4,7,0,0,7,0,7,7,4,7,4,4,7,4
0,-2,0,2,0,-2,0,2,0,-2,0,2,0,-2,0,2,0,-2,0,2,0,-2,0,2,0,-2,0,2,0,-2,0,0,0,0,0,0,0,0,0,0,0,3,0,0,0,0,0,0,0,0,0,0,0,0,0,0,0,0,0,0,0,0,0,0,4,0,4,4,0,0,x,0,0,4,2,0,4,7,0,7,7,4,7
0,2,0,-2,0,2,0,-2,0,2,0,-2,0,2,0,-2,0,2,0,-2,0,2,0,-2,0,2,0,-2,0,2,0,-2,0,0,0,0,0,0,0,0,0,0,0,0,3,0,0,0,0,0,0,0,0,0,0,0,0,0,0,0,0,0,0,0,0,0,0,0,4,0,4,4,0,0,0,0,2,4,2,0,4,0,0
0,-2,0,2,0,-2,0,2,0,-2,0,2,0,-2,0,2,0,-2,0,2,0,-2,0,2,0,-2,0,2,0,-2,0,2,0,-2,0,0,0,0,0,0,0,0,0,0,0,0,0,3,0,0,0,0,0,0,0,0,0,0,0,0,0,0,0,0,0,0,0,0,0,0,0,0,4,0,4,4,0,0,2,0,2,4,2
0,2,0,-2,0,2,0,-2,0,2,0,-2,0,2,0,-2,0,2,0,-2,0,2,0,-2,0,2,0,-2,0,2,0,-2,0,2,0,-2,0,0,0,0,0,0,0,0,0,0,0,0,0,0,3,0,0,0,0,0,0,0,0,0,0,0,0,0,0,0,0,0,0,0,0,0,0,0,0,0,4,0,4,4,2,0,2
0,-2,0,2,0,-2,0,2,0,-2,0,2,0,-2,0,2,0,-2,0,2,0,-2,0,2,0,-2,0,2,0,-2,0,2,0,-2,0,2,0,-2,0,0,0,0,0,0,0,0,0,0,0,0,0,0,0,3,0,0,0,0,0,0,0,0,0,0,0,0,0,0,0,0,0,0,0,0,0,0,0,0,4,0,4,0,x
0,2,0,-2,0,2,0,-2,0,2,0,-2,0,2,0,-2,0,2,0,-2,0,2,0,-2,0,2,0,-2,0,2,0,-2,0,2,0,-2,0,2,0,-2,0,0,0,0,0,0,0,0,0,0,0,0,0,0,0,0,3,0,0,0,0,0,0,0,0,0,0,0,0,0,0,0,0,0,0,0,0,0,0,0,0,0,4
0,-2,0,2,0,-2,0,2,0,-2,0,2,0,-2,0,2,0,-2,0,2,0,-2,0,2,0,-2,0,2,0,-2,0,2,0,-2,0,2,0,-2,0,2,0,-2,0,0,0,0,0,0,0,0,0,0,0,0,0,0,0,0,0,3,0,0,0,0,0,0,0,0,0,0,0,0,0,0,0,0,0,0,0,0,0,0,0
0,2,0,-2,0,2,0,-2,0,2,0,-2,0,2,0,-2,0,2,0,-2,0,2,0,-2,0,2,0,-2,0,2,0,-2,0,2,0,-2,0,2,0,-2,0,2,0,-2,0,0,0,0,0,0,0,0,0,0,0,0,0,0,0,0,0,0,3,0,0,0,0,0,0,0,0,0,0,0,0,0,0,0,0,0,0,0,0
0,-2,0,2,0,-2,0,2,0,-2,0,2,0,-2,0,2,0,-2,0,2,0,-2,0,2,0,-2,0,2,0,-2,0,2,0,-2,0,2,0,-2,0,2,0,-2,0,2,0,-2,0,0,0,0,0,0,0,0,0,0,0,0,0,0,0,0,0,0,0,3,0,0,0,0,0,0,0,0,0,0,0,0,0,0,0,0,0
0,2,0,-2,0,2,0,-2,0,2,0,-2,0,2,0,-2,0,2,0,-2,0,2,0,-2,0,2,0,-2,0,2,0,-2,0,2,0,-2,0,2,0,-2,0,2,0,-2,0,2,0,-2,0,0,0,0,0,0,0,0,0,0,0,0,0,0,0,0,0,0,0,0,3,0,0,0,0,0,0,0,0,0,0,0,0,0,0
0,-2,0,2,0,-2,0,2,0,-2,0,2,0,-2,0,2,0,-2,0,2,0,-2,0,2,0,-2,0,2,0,-2,0,2,0,-2,0,2,0,-2,0,2,0,-2,0,2,0,-2,0,2,0,-2,0,0,0,0,0,0,0,0,0,0,0,0,0,0,0,0,0,0,0,0,0,3,0,0,0,0,0,0,0,0,0,0,0
0,2,0,-2,0,2,0,-2,0,2,0,-2,0,2,0,-2,0,2,0,-2,0,2,0,-2,0,2,0,-2,0,2,0,-2,0,2,0,-2,0,2,0,-2,0,2,0,-2,0,2,0,-2,0,2,0,-2,0,0,0,0,0,0,0,0,0,0,0,0,0,0,0,0,0,0,0,0,0,0,3,0,0,0,0,0,0,0,0
0,-2,0,2,0,-2,0,2,0,-2,0,2,0,-2,0,2,0,-2,0,2,0,-2,0,2,0,-2,0,2,0,-2,0,2,0,-2,0,2,0,-2,0,2,0,-2,0,2,0,-2,0,2,0,-2,0,2,0,-2,0,0,0,0,0,0,0,0,0,0,0,0,0,0,0,0,0,0,0,0,0,0,0,3,0,0,0,0,0
0,2,0,-2,0,2,0,-2,0,2,0,-2,0,2,0,-2,0,2,0,-2,0,2,0,-2,0,2,0,-2,0,2,0,-2,0,2,0,-2,0,2,0,-2,0,2,0,-2,0,2,0,-2,0,2,0,-2,0,2,0,-2,0,0,0,0,0,0,0,0,0,0,0,0,0,0,0,0,0,0,0,0,0,0,0,0,3,0,0
0,-2,0,2,0,-2,0,2,0,-2,0,2,0,-2,0,2,0,-2,0,2,0,-2,0,2,0,-2,0,2,0,-2,0,2,0,-2,0,2,0,-2,0,2,0,-2,0,2,0,-2,0,2,0,-2,0,2,0,-2,0,2,0,-2,0,0,0,0,0,0,0,0,0,0,0,0,0,0,0,0,0,0,0,0,0,0,0,0,0
0,2,0,-2,0,2,0,-2,0,2,0,-2,0,2,0,-2,0,2,0,-2,0,2,0,-2,0,2,0,-2,0,2,0,-2,0,2,0,-2,0,2,0,-2,0,2,0,-2,0,2,0,-2,0,2,0,-2,0,2,0,-2,0,2,0,-2,0,0,0,0,0,0,0,0,0,0,0,0,0,0,0,0,0,0,0,0,0,0,0
0,-2,0,2,0,-2,0,2,0,-2,0,2,0,-2,0,2,0,-2,0,2,0,-2,0,2,0,-2,0,2,0,-2,0,2,0,-2,0,2,0,-2,0,2,0,-2,0,2,0,-2,0,2,0,-2,0,2,0,-2,0,2,0,-2,0,2,0,-2,0,0,0,0,0,0,0,0,0,0,0,0,0,0,0,0,0,0,0,0,0
0,2,0,-2,0,2,0,-2,0,2,0,-2,0,2,0,-2,0,2,0,-2,0,2,0,-2,0,2,0,-2,0,2,0,-2,0,2,0,-2,0,2,0,-2,0,2,0,-2,0,2,0,-2,0,2,0,-2,0,2,0,-2,0,2,0,-2,0,2,0,-2,0,0,0,0,0,0,0,0,0,0,0,0,0,0,0,0,0,0,0
